{
  "coeffs": [
    [
      -0.42285110175231355, 
      -0.3745331734444716, 
      0.9735954409554619, 
      1.217750949144105, 
      -0.700530197529918, 
      4.534696175669131, 
      -2.8532432878642022, 
      2.92581310347461, 
      0.7738763772720568, 
      0.905587183435024, 
      -0.8558695049120333, 
      0.9861326305546174, 
      -0.6513580389833514, 
      -0.6680019611546247, 
      -0.5624672521245183, 
      -0.712968657176555, 
      -0.4704598113913121, 
      -0.9290682010657839, 
      0.9443380176553805, 
      1.04800240483751, 
      0.9735954409554619, 
      0.012851871777588795, 
      -0.5478388772593725, 
      1.9209490620600098, 
      -0.1577168960254526, 
      -4.403590227219001, 
      2.858943335800708
    ], 
    [
      0.7283174873345115, 
      0.5377669066186427, 
      -1.0334734331533544, 
      -0.5992560153326312, 
      1.7128204177031572, 
      -3.1156626392582956, 
      4.742438797862895, 
      -0.8199394019479196, 
      -0.9748689652748718, 
      -0.2630400633857918, 
      1.1856482651334022, 
      2.5559496602757763, 
      0.3340724658135535, 
      0.8690232208361185, 
      0.8077488885153851, 
      0.9585611949036211, 
      1.0498480686077847, 
      1.0105837622068061, 
      -0.46326790841692994, 
      -1.1024013360312697, 
      -1.0334734331533544, 
      2.312969178203632, 
      0.9321893925979281, 
      -1.333745359947398, 
      -1.6566453137496007, 
      -2.9772479619535934, 
      -1.9290538973909737
    ], 
    [
      -0.585238684542396, 
      -0.38626981422778167, 
      -0.3680797733374912, 
      -0.8931659463105985, 
      -1.062274318705078, 
      -2.3653374504315097, 
      -3.3856916965005466, 
      -1.44788500542951, 
      -0.4924353382732425, 
      0.24096886832023995, 
      -0.9438850133172151, 
      -2.3934977738275887, 
      -0.314612318087445, 
      -0.6579919738536308, 
      -0.5319138113663542, 
      -0.6328610747340733, 
      -0.6257852347306955, 
      -0.773047425090926, 
      -0.703588110590014, 
      -0.5911941902788932, 
      -0.3680797733374912, 
      -2.088254117762211, 
      -0.6537067038152785, 
      -1.217779055795487, 
      0.2736134153792684, 
      3.3271043632572517, 
      -1.0690751804200762
    ]
  ], 
  "config": {
    "data_augmentation_config": {
      "add_builtin_entities_examples": false, 
      "min_utterances": 20, 
      "noise_factor": 5, 
      "unknown_word_prob": 0.2, 
      "unknown_words_replacement_string": "unknownword"
    }, 
    "featurizer_config": {
      "pvalue_threshold": 0.4, 
      "sublinear_tf": false, 
      "word_clusters_name": null
    }, 
    "random_seed": null, 
    "unit_name": "log_reg_intent_classifier"
  }, 
  "featurizer": {
    "best_features": [
      0, 
      2, 
      3, 
      4, 
      5, 
      6, 
      7, 
      8, 
      9, 
      10, 
      11, 
      12, 
      13, 
      14, 
      15, 
      16, 
      17, 
      18, 
      20, 
      21, 
      22, 
      24, 
      25, 
      26, 
      27, 
      28, 
      29
    ], 
    "config": {
      "pvalue_threshold": 0.4, 
      "sublinear_tf": false, 
      "word_clusters_name": null
    }, 
    "entity_utterances_to_feature_names": {
      "aloha": [
        "entityfeaturehello"
      ], 
      "bye": [
        "entityfeaturebye"
      ], 
      "day": [
        "entityfeaturehello"
      ], 
      "go": [
        "entityfeaturebye"
      ], 
      "good": [
        "entityfeaturehello", 
        "entityfeaturebye"
      ], 
      "greet": [
        "entityfeaturehello"
      ], 
      "hay": [
        "entityfeaturehello"
      ], 
      "hello": [
        "entityfeaturehello"
      ], 
      "hey": [
        "entityfeaturehello"
      ], 
      "hi": [
        "entityfeaturehello"
      ], 
      "howdy": [
        "entityfeaturehello"
      ], 
      "later": [
        "entityfeaturebye"
      ], 
      "leter": [
        "entityfeaturebye"
      ], 
      "salutations": [
        "entityfeaturehello"
      ], 
      "see": [
        "entityfeaturebye"
      ]
    }, 
    "language_code": "en", 
    "tfidf_vectorizer": {
      "idf_diag": [
        4.839452312593311, 
        4.616308761279101, 
        5.532599493153256, 
        4.1463051320333655, 
        4.279836524657888, 
        4.616308761279101, 
        2.9299098077088725, 
        2.729239112246721, 
        4.616308761279101, 
        4.616308761279101, 
        3.9231615807191558, 
        4.433987204485146, 
        3.9231615807191558, 
        4.839452312593311, 
        4.839452312593311, 
        5.127134385045092, 
        4.839452312593311, 
        5.532599493153256, 
        4.616308761279101, 
        4.839452312593311, 
        4.839452312593311, 
        4.433987204485146, 
        4.1463051320333655, 
        5.127134385045092, 
        3.8278514009148306, 
        4.839452312593311, 
        4.433987204485146, 
        4.279836524657888, 
        1.3353975454914475, 
        4.1463051320333655
      ], 
      "vocab": {
        "aloha": 0, 
        "and": 1, 
        "bob": 2, 
        "builtinentityfeaturesnipsdatetime": 3, 
        "bye": 4, 
        "day": 5, 
        "entityfeaturebye": 6, 
        "entityfeaturehello": 7, 
        "get": 8, 
        "go": 9, 
        "good": 10, 
        "greet": 11, 
        "guy": 12, 
        "hay": 13, 
        "hello": 14, 
        "hey": 15, 
        "hi": 16, 
        "how": 17, 
        "howdy": 18, 
        "i": 19, 
        "later": 20, 
        "leter": 21, 
        "now": 22, 
        "peopl": 23, 
        "robot": 24, 
        "salutations": 25, 
        "see": 26, 
        "to": 27, 
        "unknownword": 28, 
        "you": 29
      }
    }, 
    "unknown_words_replacement_string": "unknownword"
  }, 
  "intent_list": [
    "SirBuildsALot7:bye", 
    "SirBuildsALot7:hello", 
    null
  ], 
  "intercept": [
    -0.5593176955954448, 
    -0.35935753181125685, 
    -0.062471349083686435
  ], 
  "t_": 926.0, 
  "unit_name": "log_reg_intent_classifier"
}